<?xml version="1.0" encoding="UTF-8"?>
<project-private xmlns="http://www.netbeans.org/ns/project-private/1">
    <editor-bookmarks xmlns="http://www.netbeans.org/ns/editor-bookmarks/2" lastBookmarkId="0"/>
    <open-files xmlns="http://www.netbeans.org/ns/projectui-open-files/2">
        <group>
            <file>file:/F:/Senac1/Aula_senac/Variancia/src/Entidades/ValorClasse.java</file>
            <file>file:/F:/Senac1/Aula_senac/Variancia/src/Banco/DadosVendas.java</file>
            <file>file:/F:/Senac1/Aula_senac/Variancia/src/Banco/MyPostgreSQL.java</file>
            <file>file:/F:/Senac1/Aula_senac/Variancia/src/Entidades/QtdVendas.java</file>
            <file>file:/F:/Senac1/Aula_senac/Variancia/src/Entidades/Resultado.java</file>
            <file>file:/F:/Senac1/Aula_senac/Variancia/src/Entidades/QtdDias.java</file>
            <file>file:/F:/Senac1/Aula_senac/Variancia/src/Entidades/VendasValor.java</file>
            <file>file:/F:/Senac1/Aula_senac/Variancia/src/variancia/MedidasDispersao.java</file>
        </group>
    </open-files>
</project-private>
